Date-time;Type;RTU IS150 - Ponte Via Roma - Portata (l/s)
2025/03/01 00:00:00;P;25,2
2025/03/01 00:15:00;P;23,2
2025/03/01 00:30:00;P;23,0
2025/03/01 00:45:00;P;20,1
2025/03/01 01:00:00;P;21,2
2025/03/01 01:15:00;P;20,1
2025/03/01 01:30:00;P;19,2
2025/03/01 01:45:00;P;18,0
2025/03/01 02:00:00;P;18,7
2025/03/01 02:15:00;P;17,0
2025/03/01 02:30:00;P;17,5
2025/03/01 02:45:00;P;17,3
2025/03/01 03:00:00;P;16,9
2025/03/01 03:15:00;P;17,1
2025/03/01 03:30:00;P;17,1
2025/03/01 03:45:00;P;16,8
2025/03/01 04:00:00;P;30,8
2025/03/01 04:15:00;P;31,3
2025/03/01 04:30:00;P;31,4
2025/03/01 04:45:00;P;32,1
2025/03/01 05:00:00;P;31,3
2025/03/01 05:15:00;P;33,6
2025/03/01 05:30:00;P;32,4
2025/03/01 05:45:00;P;33,4
2025/03/01 06:00:00;P;34,0
2025/03/01 06:15:00;P;21,4
2025/03/01 06:30:00;P;20,8
2025/03/01 06:45:00;P;22,6
2025/03/01 07:00:00;P;26,5
2025/03/01 07:15:00;P;23,9
2025/03/01 07:30:00;P;28,1
2025/03/01 07:45:00;P;25,2
2025/03/01 08:00:00;P;24,5
2025/03/01 08:15:00;P;18,8
2025/03/01 08:30:00;P;21,2
2025/03/01 08:45:00;P;22,8
2025/03/01 09:00:00;P;20,7
2025/03/01 09:15:00;P;22,7
2025/03/01 09:30:00;P;24,9
2025/03/01 09:45:00;P;14,9
2025/03/01 10:00:00;P;14,0
2025/03/01 10:15:00;P;13,5
2025/03/01 10:30:00;P;14,1
2025/03/01 10:45:00;P;15,6
2025/03/01 11:00:00;P;18,4
2025/03/01 11:15:00;P;17,5
2025/03/01 11:30:00;P;11,3
2025/03/01 11:45:00;P;12,9
2025/03/01 12:00:00;P;14,0
2025/03/01 12:15:00;P;15,8
2025/03/01 12:30:00;P;16,4
2025/03/01 12:45:00;P;16,2
2025/03/01 13:00:00;P;16,8
2025/03/01 13:15:00;P;13,8
2025/03/01 13:30:00;P;17,7
2025/03/01 13:45:00;P;16,6
2025/03/01 14:00:00;P;17,3
2025/03/01 14:15:00;P;18,8
2025/03/01 14:30:00;P;17,4
2025/03/01 14:45:00;P;19,3
2025/03/01 15:00:00;P;21,0
2025/03/01 15:15:00;P;20,3
2025/03/01 15:30:00;P;20,9
2025/03/01 15:45:00;P;14,4
2025/03/01 16:00:00;P;14,0
2025/03/01 16:15:00;P;16,6
2025/03/01 16:30:00;P;13,6
2025/03/01 16:45:00;P;14,6
2025/03/01 17:00:00;P;15,9
2025/03/01 17:15:00;P;14,4
2025/03/01 17:30:00;P;12,6
2025/03/01 17:45:00;P;12,0
2025/03/01 18:00:00;P;20,7
2025/03/01 18:15:00;P;21,0
2025/03/01 18:30:00;P;23,4
2025/03/01 18:45:00;P;20,1
2025/03/01 19:00:00;P;21,6
2025/03/01 19:15:00;P;24,4
2025/03/01 19:30:00;P;22,7
2025/03/01 19:45:00;P;25,3
2025/03/01 20:00:00;P;25,0
2025/03/01 20:15:00;P;30,1
2025/03/01 20:30:00;P;34,9
2025/03/01 20:45:00;P;26,3
2025/03/01 21:00:00;P;28,9
2025/03/01 21:15:00;P;22,9
2025/03/01 21:30:00;P;22,3
2025/03/01 21:45:00;P;24,5
2025/03/01 22:00:00;P;22,7
2025/03/01 22:15:00;P;28,4
2025/03/01 22:30:00;P;27,4
2025/03/01 22:45:00;P;27,6
2025/03/01 23:00:00;P;27,5
2025/03/01 23:15:00;P;28,2
2025/03/01 23:30:00;P;26,6
2025/03/01 23:45:00;P;25,0
2025/03/02 00:00:00;P;23,7
2025/03/02 00:15:00;P;23,8
2025/03/02 00:30:00;P;21,7
2025/03/02 00:45:00;P;22,2
2025/03/02 01:00:00;P;20,4
2025/03/02 01:15:00;P;19,8
2025/03/02 01:30:00;P;18,4
2025/03/02 01:45:00;P;-4,8
2025/03/02 02:00:00;P;-4,3
2025/03/02 02:15:00;P;-4,9
2025/03/02 02:30:00;P;-4,3
2025/03/02 02:45:00;P;-5,3
2025/03/02 03:00:00;P;-5,4
2025/03/02 03:15:00;P;-5,6
2025/03/02 03:30:00;P;-6,1
2025/03/02 03:45:00;P;-5,7
2025/03/02 04:00:00;P;-5,6
2025/03/02 04:15:00;P;-5,0
2025/03/02 04:30:00;P;-4,6
2025/03/02 04:45:00;P;-5,6
2025/03/02 05:00:00;P;-4,0
2025/03/02 05:15:00;P;-3,5
2025/03/02 05:30:00;P;-3,4
2025/03/02 05:45:00;P;-2,9
2025/03/02 06:00:00;P;-4,3
2025/03/02 06:15:00;P;-18,0
2025/03/02 06:30:00;P;-18,5
2025/03/02 06:45:00;P;-16,7
2025/03/02 07:00:00;P;-16,3
2025/03/02 07:15:00;P;-11,3
2025/03/02 07:30:00;P;3,6
2025/03/02 07:45:00;P;8,5
2025/03/02 08:00:00;P;8,6
2025/03/02 08:15:00;P;12,4
2025/03/02 08:30:00;P;7,9
2025/03/02 08:45:00;P;9,5
2025/03/02 09:00:00;P;10,5
2025/03/02 09:15:00;P;2,7
2025/03/02 09:30:00;P;1,9
2025/03/02 09:45:00;P;1,9
2025/03/02 10:00:00;P;0,0
2025/03/02 10:15:00;P;0,6
2025/03/02 10:30:00;P;14,6
2025/03/02 10:45:00;P;15,1
2025/03/02 11:00:00;P;14,2
2025/03/02 11:15:00;P;15,0
2025/03/02 11:30:00;P;16,2
2025/03/02 11:45:00;P;13,9
2025/03/02 12:00:00;P;17,6
2025/03/02 12:15:00;P;15,2
2025/03/02 12:30:00;P;16,5
2025/03/02 12:45:00;P;16,1
2025/03/02 13:00:00;P;15,1
2025/03/02 13:15:00;P;16,4
2025/03/02 13:30:00;P;16,1
2025/03/02 13:45:00;P;14,4
2025/03/02 14:00:00;P;17,5
2025/03/02 14:15:00;P;15,5
2025/03/02 14:30:00;P;14,1
2025/03/02 14:45:00;P;20,3
2025/03/02 15:00:00;P;17,8
2025/03/02 15:15:00;P;19,4
2025/03/02 15:30:00;P;18,7
2025/03/02 15:45:00;P;14,4
2025/03/02 16:00:00;P;14,5
2025/03/02 16:15:00;P;13,1
2025/03/02 16:30:00;P;13,3
2025/03/02 16:45:00;P;25,6
2025/03/02 17:00:00;P;22,9
2025/03/02 17:15:00;P;24,8
2025/03/02 17:30:00;P;26,1
2025/03/02 17:45:00;P;24,2
2025/03/02 18:00:00;P;24,3
2025/03/02 18:15:00;P;21,6
2025/03/02 18:30:00;P;20,8
2025/03/02 18:45:00;P;20,1
2025/03/02 19:00:00;P;22,2
2025/03/02 19:15:00;P;23,4
2025/03/02 19:30:00;P;23,8
2025/03/02 19:45:00;P;24,7
2025/03/02 20:00:00;P;23,9
2025/03/02 20:15:00;P;28,1
2025/03/02 20:30:00;P;26,2
2025/03/02 20:45:00;P;32,0
2025/03/02 21:00:00;P;27,3
2025/03/02 21:15:00;P;20,5
2025/03/02 21:30:00;P;23,9
2025/03/02 21:45:00;P;20,6
2025/03/02 22:00:00;P;25,1
2025/03/02 22:15:00;P;22,5
2025/03/02 22:30:00;P;25,6
2025/03/02 22:45:00;P;29,1
2025/03/02 23:00:00;P;28,1
2025/03/02 23:15:00;P;29,0
2025/03/02 23:30:00;P;25,7
2025/03/02 23:45:00;P;22,9
2025/03/03 00:00:00;P;21,9
2025/03/03 00:15:00;P;20,6
2025/03/03 00:30:00;P;20,9
2025/03/03 00:45:00;P;19,1
2025/03/03 01:00:00;P;17,7
2025/03/03 01:15:00;P;19,1
2025/03/03 01:30:00;P;17,0
2025/03/03 01:45:00;P;17,6
2025/03/03 02:00:00;P;17,7
2025/03/03 02:15:00;P;16,8
2025/03/03 02:30:00;P;15,7
2025/03/03 02:45:00;P;16,8
2025/03/03 03:00:00;P;16,9
2025/03/03 03:15:00;P;16,8
2025/03/03 03:30:00;P;16,4
2025/03/03 03:45:00;P;17,1
2025/03/03 04:00:00;P;18,1
2025/03/03 04:15:00;P;19,5
2025/03/03 04:30:00;P;19,6
2025/03/03 04:45:00;P;19,8
2025/03/03 05:00:00;P;20,3
2025/03/03 05:15:00;P;31,3
2025/03/03 05:30:00;P;32,0
2025/03/03 05:45:00;P;31,7
2025/03/03 06:00:00;P;33,4
2025/03/03 06:15:00;P;23,4
2025/03/03 06:30:00;P;22,1
2025/03/03 06:45:00;P;20,3
2025/03/03 07:00:00;P;22,1
2025/03/03 07:15:00;P;21,5
2025/03/03 07:30:00;P;19,6
2025/03/03 07:45:00;P;23,0
2025/03/03 08:00:00;P;23,3
2025/03/03 08:15:00;P;22,9
2025/03/03 08:30:00;P;13,3
2025/03/03 08:45:00;P;13,1
2025/03/03 09:00:00;P;12,0
2025/03/03 09:15:00;P;15,1
2025/03/03 09:30:00;P;9,0
2025/03/03 09:45:00;P;12,7
2025/03/03 10:00:00;P;11,0
2025/03/03 10:15:00;P;15,0
2025/03/03 10:30:00;P;12,1
2025/03/03 10:45:00;P;15,2
2025/03/03 11:00:00;P;17,6
2025/03/03 11:15:00;P;14,7
2025/03/03 11:30:00;P;14,2
2025/03/03 11:45:00;P;13,2
2025/03/03 12:00:00;P;12,1
2025/03/03 12:15:00;P;15,1
2025/03/03 12:30:00;P;11,8
2025/03/03 12:45:00;P;12,0
2025/03/03 13:00:00;P;12,6
2025/03/03 13:15:00;P;11,9
2025/03/03 13:30:00;P;10,8
2025/03/03 13:45:00;P;11,9
2025/03/03 14:00:00;P;7,8
2025/03/03 14:15:00;P;14,5
2025/03/03 14:30:00;P;14,9
2025/03/03 14:45:00;P;17,4
2025/03/03 14:49:58;S;-1,4
2025/03/03 14:50:48;S;-18,9
2025/03/03 14:55:24;S;-3,4
2025/03/03 14:55:36;S;-4,3
2025/03/03 14:56:16;S;-2,6
2025/03/03 15:00:00;P;3,3
2025/03/03 15:12:12;S;16,4
2025/03/03 15:12:18;S;16,0
2025/03/03 15:12:22;S;16,4
2025/03/03 15:15:00;P;17,0
2025/03/03 15:30:00;P;15,2
2025/03/03 15:45:00;P;8,7
2025/03/03 16:00:00;P;12,6
2025/03/03 16:15:00;P;9,4
2025/03/03 16:30:00;P;10,5
2025/03/03 16:45:00;P;7,7
2025/03/03 17:00:00;P;10,2
2025/03/03 17:15:00;P;11,0
2025/03/03 17:30:00;P;10,8
2025/03/03 17:45:00;P;11,3
2025/03/03 18:00:00;P;12,2
2025/03/03 18:15:00;P;11,8
2025/03/03 18:30:00;P;13,6
2025/03/03 18:45:00;P;12,6
2025/03/03 19:00:00;P;14,4
2025/03/03 19:15:00;P;20,0
2025/03/03 19:30:00;P;19,5
2025/03/03 19:45:00;P;19,9
2025/03/03 20:00:00;P;16,4
2025/03/03 20:15:00;P;28,1
2025/03/03 20:30:00;P;27,6
2025/03/03 20:45:00;P;28,4
2025/03/03 21:00:00;P;27,6
2025/03/03 21:15:00;P;27,6
2025/03/03 21:30:00;P;27,5
2025/03/03 21:45:00;P;26,8
2025/03/03 22:00:00;P;26,2
2025/03/03 22:15:00;P;25,0
2025/03/03 22:30:00;P;21,8
2025/03/03 22:45:00;P;22,8
2025/03/03 23:00:00;P;24,0
2025/03/03 23:15:00;P;22,3
2025/03/03 23:30:00;P;19,2
2025/03/03 23:45:00;P;20,4
2025/03/04 00:00:00;P;17,8
2025/03/04 00:15:00;P;16,7
2025/03/04 00:30:00;P;13,5
2025/03/04 00:45:00;P;3,4
2025/03/04 01:00:00;P;-3,6
2025/03/04 01:15:00;P;-4,3
2025/03/04 01:30:00;P;-4,6
2025/03/04 01:45:00;P;-4,8
2025/03/04 02:00:00;P;-4,7
2025/03/04 02:15:00;P;-5,9
2025/03/04 02:30:00;P;7,4
2025/03/04 02:45:00;P;7,7
2025/03/04 03:00:00;P;7,4
2025/03/04 03:15:00;P;8,0
2025/03/04 03:30:00;P;8,2
2025/03/04 03:45:00;P;9,1
2025/03/04 04:00:00;P;8,2
2025/03/04 04:15:00;P;32,3
2025/03/04 04:30:00;P;33,0
2025/03/04 04:45:00;P;33,1
2025/03/04 05:00:00;P;33,2
2025/03/04 05:15:00;P;32,8
2025/03/04 05:30:00;P;32,6
2025/03/04 05:45:00;P;33,4
2025/03/04 06:00:00;P;33,0
2025/03/04 06:15:00;P;13,3
2025/03/04 06:30:00;P;15,1
2025/03/04 06:45:00;P;14,0
2025/03/04 07:00:00;P;13,9
2025/03/04 07:15:00;P;15,4
2025/03/04 07:30:00;P;19,0
2025/03/04 07:45:00;P;17,9
2025/03/04 08:00:00;P;15,9
2025/03/04 08:15:00;P;13,0
2025/03/04 08:30:00;P;11,8
2025/03/04 08:45:00;P;12,8
2025/03/04 09:00:00;P;-13,7
2025/03/04 09:04:20;S;-15,4
2025/03/04 09:15:00;P;-14,1
2025/03/04 09:30:00;P;-15,6
2025/03/04 09:45:00;P;-17,6
2025/03/04 10:00:00;P;-13,3
2025/03/04 10:15:00;P;-15,5
2025/03/04 10:30:00;P;-14,5
2025/03/04 10:45:00;P;-14,9
2025/03/04 11:00:00;P;-15,6
2025/03/04 11:15:00;P;-14,5
2025/03/04 11:30:00;P;-17,7
2025/03/04 11:45:00;P;-15,9
2025/03/04 12:00:00;P;-15,7
2025/03/04 12:15:00;P;-16,0
2025/03/04 12:30:00;P;-13,5
2025/03/04 12:45:00;P;-14,0
2025/03/04 13:00:00;P;-18,3
2025/03/04 13:15:00;P;-13,3
2025/03/04 13:30:00;P;-14,1
2025/03/04 13:45:00;P;-15,3
2025/03/04 14:00:00;P;-14,5
2025/03/04 14:15:00;P;-14,2
2025/03/04 14:30:00;P;-17,3
2025/03/04 14:45:00;P;-15,2
2025/03/04 15:00:00;P;-12,8
2025/03/04 15:15:00;P;-15,9
2025/03/04 15:30:00;P;-17,8
2025/03/04 15:45:00;P;-15,2
2025/03/04 16:00:00;P;-10,9
2025/03/04 16:15:00;P;-12,0
2025/03/04 16:30:00;P;7,5
2025/03/04 16:45:00;P;13,0
2025/03/04 17:00:00;P;14,3
2025/03/04 17:15:00;P;13,6
2025/03/04 17:30:00;P;12,8
2025/03/04 17:45:00;P;12,5
2025/03/04 18:00:00;P;10,6
2025/03/04 18:15:00;P;10,9
2025/03/04 18:30:00;P;14,2
2025/03/04 18:45:00;P;12,0
2025/03/04 19:00:00;P;16,0
2025/03/04 19:15:00;P;14,6
2025/03/04 19:30:00;P;15,7
2025/03/04 19:45:00;P;15,9
2025/03/04 20:00:00;P;14,8
2025/03/04 20:15:00;P;22,8
2025/03/04 20:30:00;P;28,1
2025/03/04 20:45:00;P;25,1
2025/03/04 21:00:00;P;20,8
2025/03/04 21:15:00;P;21,4
2025/03/04 21:30:00;P;21,2
2025/03/04 21:45:00;P;20,9
2025/03/04 22:00:00;P;24,0
2025/03/04 22:15:00;P;24,0
2025/03/04 22:30:00;P;22,9
2025/03/04 22:45:00;P;26,3
2025/03/04 23:00:00;P;21,4
2025/03/04 23:15:00;P;29,1
2025/03/04 23:30:00;P;27,5
2025/03/04 23:45:00;P;23,1
2025/03/05 00:00:00;P;23,9
2025/03/05 00:15:00;P;22,1
2025/03/05 00:30:00;P;22,0
2025/03/05 00:45:00;P;20,1
2025/03/05 01:00:00;P;18,5
2025/03/05 01:15:00;P;18,4
2025/03/05 01:30:00;P;18,0
2025/03/05 01:45:00;P;17,2
2025/03/05 02:00:00;P;17,8
2025/03/05 02:15:00;P;17,7
2025/03/05 02:30:00;P;16,5
2025/03/05 02:45:00;P;16,8
2025/03/05 03:00:00;P;16,5
2025/03/05 03:15:00;P;16,8
2025/03/05 03:30:00;P;15,0
2025/03/05 03:45:00;P;31,0
2025/03/05 04:00:00;P;30,9
2025/03/05 04:15:00;P;30,9
2025/03/05 04:30:00;P;31,7
2025/03/05 04:45:00;P;32,1
2025/03/05 05:00:00;P;31,6
2025/03/05 05:15:00;P;33,3
2025/03/05 05:30:00;P;33,7
2025/03/05 05:45:00;P;33,5
2025/03/05 06:00:00;P;33,9
2025/03/05 06:15:00;P;23,3
2025/03/05 06:30:00;P;24,2
2025/03/05 06:45:00;P;19,7
2025/03/05 07:00:00;P;20,8
2025/03/05 07:15:00;P;19,2
2025/03/05 07:30:00;P;21,5
2025/03/05 07:45:00;P;22,9
2025/03/05 08:00:00;P;22,4
2025/03/05 08:15:00;P;13,0
2025/03/05 08:30:00;P;16,0
2025/03/05 08:45:00;P;15,5
2025/03/05 09:00:00;P;19,5
2025/03/05 09:15:00;P;18,5
2025/03/05 09:30:00;P;20,0
2025/03/05 09:45:00;P;19,7
2025/03/05 10:00:00;P;18,0
2025/03/05 10:15:00;P;15,8
2025/03/05 10:30:00;P;16,1
2025/03/05 10:45:00;P;13,2
2025/03/05 11:00:00;P;15,2
2025/03/05 11:15:00;P;12,2
2025/03/05 11:30:00;P;13,9
2025/03/05 11:45:00;P;12,7
2025/03/05 12:00:00;P;9,7
2025/03/05 12:15:00;P;-1,0
2025/03/05 12:30:00;P;4,2
2025/03/05 12:45:00;P;4,3
2025/03/05 13:00:00;P;1,8
2025/03/05 13:15:00;P;0,6
2025/03/05 13:30:00;P;2,5
2025/03/05 13:45:00;P;1,4
2025/03/05 14:00:00;P;3,3
2025/03/05 14:15:00;P;-1,3
2025/03/05 14:30:00;P;-0,9
2025/03/05 14:45:00;P;-2,3
2025/03/05 15:00:00;P;-4,8
2025/03/05 15:15:00;P;-5,3
2025/03/05 15:30:00;P;-6,8
2025/03/05 15:45:00;P;-7,7
2025/03/05 16:00:00;P;-6,2
2025/03/05 16:15:00;P;18,4
2025/03/05 16:30:00;P;16,4
2025/03/05 16:45:00;P;16,8
2025/03/05 17:00:00;P;18,3
2025/03/05 17:15:00;P;16,5
2025/03/05 17:30:00;P;15,4
2025/03/05 17:45:00;P;19,3
2025/03/05 18:00:00;P;15,7
2025/03/05 18:15:00;P;18,4
2025/03/05 18:30:00;P;17,5
2025/03/05 18:45:00;P;16,3
2025/03/05 19:00:00;P;19,0
2025/03/05 19:15:00;P;19,4
2025/03/05 19:30:00;P;21,1
2025/03/05 19:45:00;P;20,4
2025/03/05 20:00:00;P;20,6
2025/03/05 20:15:00;P;24,5
2025/03/05 20:30:00;P;28,0
2025/03/05 20:45:00;P;25,6
2025/03/05 21:00:00;P;28,2
2025/03/05 21:15:00;P;30,2
2025/03/05 21:30:00;P;30,4
2025/03/05 21:45:00;P;32,0
2025/03/05 22:00:00;P;32,0
2025/03/05 22:15:00;P;28,8
2025/03/05 22:30:00;P;30,8
2025/03/05 22:45:00;P;29,0
2025/03/05 23:00:00;P;31,4
2025/03/05 23:15:00;P;33,5
2025/03/05 23:30:00;P;34,2
2025/03/05 23:45:00;P;32,8
2025/03/06 00:00:00;P;29,3
2025/03/06 00:15:00;P;28,1
2025/03/06 00:30:00;P;25,6
2025/03/06 00:45:00;P;26,4
2025/03/06 01:00:00;P;23,9
2025/03/06 01:15:00;P;24,4
2025/03/06 01:30:00;P;23,8
2025/03/06 01:45:00;P;23,0
2025/03/06 02:00:00;P;23,5
2025/03/06 02:15:00;P;22,8
2025/03/06 02:30:00;P;22,3
2025/03/06 02:45:00;P;22,3
2025/03/06 03:00:00;P;22,7
2025/03/06 03:15:00;P;22,3
2025/03/06 03:30:00;P;23,3
2025/03/06 03:45:00;P;23,8
2025/03/06 04:00:00;P;22,6
2025/03/06 04:15:00;P;24,6
2025/03/06 04:30:00;P;23,9
2025/03/06 04:45:00;P;24,2
2025/03/06 05:00:00;P;25,7
2025/03/06 05:15:00;P;24,3
2025/03/06 05:30:00;P;24,9
2025/03/06 05:45:00;P;24,6
2025/03/06 06:00:00;P;27,0
2025/03/06 06:15:00;P;16,0
2025/03/06 06:30:00;P;21,1
2025/03/06 06:45:00;P;21,6
2025/03/06 07:00:00;P;19,9
2025/03/06 07:15:00;P;19,3
2025/03/06 07:30:00;P;21,2
2025/03/06 07:45:00;P;22,3
2025/03/06 08:00:00;P;25,9
2025/03/06 08:15:00;P;23,3
2025/03/06 08:30:00;P;21,4
2025/03/06 08:45:00;P;21,8
2025/03/06 09:00:00;P;22,4
2025/03/06 09:15:00;P;17,9
2025/03/06 09:30:00;P;23,0
2025/03/06 09:45:00;P;22,5
2025/03/06 10:00:00;P;19,2
2025/03/06 10:15:00;P;18,4
2025/03/06 10:30:00;P;20,5
2025/03/06 10:45:00;P;17,4
2025/03/06 11:00:00;P;16,6
2025/03/06 11:15:00;P;17,7
2025/03/06 11:30:00;P;17,3
2025/03/06 11:45:00;P;14,8
2025/03/06 12:00:00;P;8,4
2025/03/06 12:15:00;P;17,4
2025/03/06 12:30:00;P;18,4
2025/03/06 12:45:00;P;18,4
2025/03/06 13:00:00;P;15,5
2025/03/06 13:15:00;P;18,7
2025/03/06 13:30:00;P;17,4
2025/03/06 13:45:00;P;16,1
2025/03/06 14:00:00;P;18,4
2025/03/06 14:15:00;P;19,1
2025/03/06 14:30:00;P;17,9
2025/03/06 14:45:00;P;19,1
2025/03/06 15:00:00;P;13,6
2025/03/06 15:15:00;P;20,4
2025/03/06 15:30:00;P;16,1
2025/03/06 15:45:00;P;17,8
2025/03/06 16:00:00;P;20,6
2025/03/06 16:15:00;P;20,8
2025/03/06 16:30:00;P;17,5
2025/03/06 16:45:00;P;16,7
2025/03/06 17:00:00;P;16,8
2025/03/06 17:15:00;P;16,4
2025/03/06 17:30:00;P;17,5
2025/03/06 17:45:00;P;17,7
2025/03/06 18:00:00;P;17,4
2025/03/06 18:15:00;P;20,6
2025/03/06 18:30:00;P;19,2
2025/03/06 18:45:00;P;19,6
2025/03/06 19:00:00;P;20,2
2025/03/06 19:15:00;P;21,3
2025/03/06 19:30:00;P;22,5
2025/03/06 19:45:00;P;17,9
2025/03/06 20:00:00;P;24,4
2025/03/06 20:15:00;P;27,4
2025/03/06 20:30:00;P;28,3
2025/03/06 20:45:00;P;30,0
2025/03/06 21:00:00;P;31,6
2025/03/06 21:15:00;P;33,0
2025/03/06 21:30:00;P;30,9
2025/03/06 21:45:00;P;33,6
2025/03/06 22:00:00;P;31,4
2025/03/06 22:15:00;P;30,3
2025/03/06 22:30:00;P;30,3
2025/03/06 22:45:00;P;32,4
2025/03/06 23:00:00;P;32,4
2025/03/06 23:15:00;P;35,6
2025/03/06 23:30:00;P;34,0
2025/03/06 23:45:00;P;31,7
2025/03/07 00:00:00;P;28,8
2025/03/07 00:15:00;P;27,7
2025/03/07 00:30:00;P;26,6
2025/03/07 00:45:00;P;26,7
2025/03/07 01:00:00;P;25,2
2025/03/07 01:15:00;P;24,5
2025/03/07 01:30:00;P;23,0
2025/03/07 01:45:00;P;22,7
2025/03/07 02:00:00;P;23,3
2025/03/07 02:15:00;P;23,5
2025/03/07 02:30:00;P;22,9
2025/03/07 02:45:00;P;22,5
2025/03/07 03:00:00;P;22,1
2025/03/07 03:15:00;P;22,7
2025/03/07 03:30:00;P;21,7
2025/03/07 03:45:00;P;24,4
2025/03/07 04:00:00;P;0,0
2025/03/07 04:15:00;P;2,9
2025/03/07 04:30:00;P;9,3
2025/03/07 04:45:00;P;5,8
2025/03/07 05:00:00;P;10,4
2025/03/07 05:15:00;P;1,7
2025/03/07 05:30:00;P;1,0
2025/03/07 05:45:00;P;4,0
2025/03/07 06:00:00;P;9,1
2025/03/07 06:15:00;P;-5,7
2025/03/07 06:30:00;P;1,5
2025/03/07 06:45:00;P;10,8
2025/03/07 07:00:00;P;9,2
2025/03/07 07:15:00;P;10,1
2025/03/07 07:30:00;P;10,3
2025/03/07 07:45:00;P;11,1
2025/03/07 08:00:00;P;9,7
2025/03/07 08:15:00;P;11,6
2025/03/07 08:30:00;P;13,1
2025/03/07 08:45:00;P;23,8
2025/03/07 09:00:00;P;26,7
2025/03/07 09:15:00;P;23,9
2025/03/07 09:30:00;P;21,5
2025/03/07 09:45:00;P;22,9
2025/03/07 10:00:00;P;18,3
2025/03/07 10:15:00;P;18,3
2025/03/07 10:30:00;P;16,2
2025/03/07 10:45:00;P;17,5
2025/03/07 11:00:00;P;17,0
2025/03/07 11:15:00;P;19,7
2025/03/07 11:30:00;P;18,5
2025/03/07 11:45:00;P;18,2
2025/03/07 12:00:00;P;15,2
2025/03/07 12:15:00;P;17,8
2025/03/07 12:30:00;P;16,6
2025/03/07 12:45:00;P;20,7
2025/03/07 13:00:00;P;14,9
2025/03/07 13:15:00;P;17,7
2025/03/07 13:30:00;P;17,4
2025/03/07 13:45:00;P;16,6
2025/03/07 14:00:00;P;15,1
2025/03/07 14:15:00;P;18,5
2025/03/07 14:30:00;P;17,3
2025/03/07 14:45:00;P;19,7
2025/03/07 15:00:00;P;18,7
2025/03/07 15:15:00;P;13,5
2025/03/07 15:30:00;P;16,4
2025/03/07 15:45:00;P;14,5
2025/03/07 16:00:00;P;16,2
2025/03/07 16:15:00;P;14,3
2025/03/07 16:30:00;P;13,4
2025/03/07 16:45:00;P;16,4
2025/03/07 17:00:00;P;17,5
2025/03/07 17:15:00;P;14,7
2025/03/07 17:30:00;P;12,6
2025/03/07 17:45:00;P;15,5
2025/03/07 18:00:00;P;13,8
2025/03/07 18:15:00;P;16,3
2025/03/07 18:30:00;P;15,8
2025/03/07 18:45:00;P;13,4
2025/03/07 19:00:00;P;17,0
2025/03/07 19:15:00;P;14,9
2025/03/07 19:30:00;P;15,5
2025/03/07 19:45:00;P;13,7
2025/03/07 20:00:00;P;15,3
2025/03/07 20:15:00;P;23,8
2025/03/07 20:30:00;P;26,2
2025/03/07 20:45:00;P;27,5
2025/03/07 21:00:00;P;26,0
2025/03/07 21:15:00;P;20,1
2025/03/07 21:30:00;P;22,4
2025/03/07 21:45:00;P;25,4
2025/03/07 22:00:00;P;25,6
2025/03/07 22:15:00;P;25,2
2025/03/07 22:30:00;P;27,0
2025/03/07 22:45:00;P;25,8
2025/03/07 23:00:00;P;28,3
2025/03/07 23:15:00;P;30,3
2025/03/07 23:30:00;P;27,0
2025/03/07 23:45:00;P;26,0
2025/03/08 00:00:00;P;24,4
2025/03/08 00:15:00;P;23,3
2025/03/08 00:30:00;P;21,6
2025/03/08 00:45:00;P;21,2
2025/03/08 01:00:00;P;19,9
2025/03/08 01:15:00;P;19,4
2025/03/08 01:30:00;P;19,1
2025/03/08 01:45:00;P;18,0
2025/03/08 02:00:00;P;17,5
2025/03/08 02:15:00;P;17,5
2025/03/08 02:30:00;P;17,3
2025/03/08 02:45:00;P;17,3
2025/03/08 03:00:00;P;17,5
2025/03/08 03:15:00;P;17,3
2025/03/08 03:30:00;P;16,7
2025/03/08 03:45:00;P;17,6
2025/03/08 04:00:00;P;16,3
2025/03/08 04:15:00;P;17,6
2025/03/08 04:30:00;P;18,4
2025/03/08 04:45:00;P;18,3
2025/03/08 05:00:00;P;19,4
2025/03/08 05:15:00;P;17,1
2025/03/08 05:30:00;P;17,6
2025/03/08 05:45:00;P;18,2
2025/03/08 06:00:00;P;18,2
2025/03/08 06:15:00;P;-1,2
2025/03/08 06:30:00;P;-17,3
2025/03/08 06:45:00;P;-11,7
2025/03/08 07:00:00;P;-9,2
2025/03/08 07:15:00;P;-9,6
2025/03/08 07:30:00;P;7,5
2025/03/08 07:45:00;P;11,6
2025/03/08 08:00:00;P;10,7
2025/03/08 08:15:00;P;10,4
2025/03/08 08:30:00;P;15,8
2025/03/08 08:45:00;P;10,9
2025/03/08 09:00:00;P;12,2
2025/03/08 09:15:00;P;2,6
2025/03/08 09:30:00;P;3,3
2025/03/08 09:45:00;P;2,1
2025/03/08 10:00:00;P;1,0
2025/03/08 10:15:00;P;0,9
2025/03/08 10:30:00;P;16,9
2025/03/08 10:45:00;P;17,9
2025/03/08 11:00:00;P;17,6
2025/03/08 11:15:00;P;15,8
2025/03/08 11:30:00;P;14,7
2025/03/08 11:45:00;P;16,3
2025/03/08 12:00:00;P;16,1
2025/03/08 12:15:00;P;14,9
2025/03/08 12:30:00;P;14,9
2025/03/08 12:45:00;P;17,2
2025/03/08 13:00:00;P;16,1
2025/03/08 13:15:00;P;17,6
2025/03/08 13:30:00;P;15,9
2025/03/08 13:45:00;P;18,8
2025/03/08 14:00:00;P;18,1
2025/03/08 14:15:00;P;19,7
2025/03/08 14:30:00;P;14,8
2025/03/08 14:45:00;P;20,6
2025/03/08 15:00:00;P;22,0
2025/03/08 15:15:00;P;20,8
2025/03/08 15:30:00;P;20,8
2025/03/08 15:45:00;P;16,5
2025/03/08 16:00:00;P;17,6
2025/03/08 16:15:00;P;17,0
2025/03/08 16:30:00;P;17,0
2025/03/08 16:45:00;P;16,8
2025/03/08 17:00:00;P;15,1
2025/03/08 17:15:00;P;14,7
2025/03/08 17:30:00;P;22,4
2025/03/08 17:45:00;P;22,8
2025/03/08 18:00:00;P;22,6
2025/03/08 18:15:00;P;24,6
2025/03/08 18:30:00;P;23,2
2025/03/08 18:45:00;P;23,6
2025/03/08 19:00:00;P;23,8
2025/03/08 19:15:00;P;24,0
2025/03/08 19:30:00;P;23,8
2025/03/08 19:45:00;P;27,6
2025/03/08 20:00:00;P;25,1
2025/03/08 20:15:00;P;33,3
2025/03/08 20:30:00;P;29,0
2025/03/08 20:45:00;P;28,4
2025/03/08 21:00:00;P;27,9
2025/03/08 21:15:00;P;19,9
2025/03/08 21:30:00;P;21,2
2025/03/08 21:45:00;P;25,3
2025/03/08 22:00:00;P;26,2
2025/03/08 22:15:00;P;26,3
2025/03/08 22:30:00;P;26,7
2025/03/08 22:45:00;P;27,5
2025/03/08 23:00:00;P;28,3
2025/03/08 23:15:00;P;29,8
2025/03/08 23:30:00;P;26,8
2025/03/08 23:45:00;P;25,5
2025/03/09 00:00:00;P;24,0
2025/03/09 00:15:00;P;23,3
2025/03/09 00:30:00;P;21,8
2025/03/09 00:45:00;P;22,7
2025/03/09 01:00:00;P;20,4
2025/03/09 01:15:00;P;18,9
2025/03/09 01:30:00;P;19,2
2025/03/09 01:45:00;P;18,2
2025/03/09 02:00:00;P;18,4
2025/03/09 02:15:00;P;16,5
2025/03/09 02:30:00;P;16,6
2025/03/09 02:45:00;P;18,2
2025/03/09 03:00:00;P;15,7
2025/03/09 03:15:00;P;16,1
2025/03/09 03:30:00;P;16,2
2025/03/09 03:45:00;P;17,9
2025/03/09 04:00:00;P;16,2
2025/03/09 04:15:00;P;16,3
2025/03/09 04:30:00;P;17,5
2025/03/09 04:45:00;P;17,4
2025/03/09 05:00:00;P;18,1
2025/03/09 05:15:00;P;31,6
2025/03/09 05:30:00;P;29,5
2025/03/09 05:45:00;P;30,4
2025/03/09 06:00:00;P;30,2
2025/03/09 06:15:00;P;20,3
2025/03/09 06:30:00;P;20,9
2025/03/09 06:45:00;P;-1,9
2025/03/09 07:00:00;P;1,4
2025/03/09 07:15:00;P;0,0
2025/03/09 07:30:00;P;1,5
2025/03/09 07:45:00;P;2,6
2025/03/09 08:00:00;P;4,7
2025/03/09 08:15:00;P;7,7
2025/03/09 08:30:00;P;9,6
2025/03/09 08:45:00;P;11,0
2025/03/09 09:00:00;P;13,2
2025/03/09 09:15:00;P;11,0
2025/03/09 09:30:00;P;12,6
2025/03/09 09:45:00;P;4,4
2025/03/09 10:00:00;P;1,4
2025/03/09 10:15:00;P;2,8
2025/03/09 10:30:00;P;1,4
2025/03/09 10:45:00;P;13,8
2025/03/09 11:00:00;P;17,6
2025/03/09 11:15:00;P;14,2
2025/03/09 11:30:00;P;14,7
2025/03/09 11:45:00;P;16,8
2025/03/09 12:00:00;P;17,2
2025/03/09 12:15:00;P;16,5
2025/03/09 12:30:00;P;16,7
2025/03/09 12:45:00;P;16,7
2025/03/09 13:00:00;P;16,7
2025/03/09 13:15:00;P;17,8
2025/03/09 13:30:00;P;17,2
2025/03/09 13:45:00;P;17,0
2025/03/09 14:00:00;P;16,6
2025/03/09 14:15:00;P;16,6
2025/03/09 14:30:00;P;18,2
2025/03/09 14:45:00;P;22,3
2025/03/09 15:00:00;P;19,2
2025/03/09 15:15:00;P;19,7
2025/03/09 15:30:00;P;20,3
2025/03/09 15:45:00;P;15,9
2025/03/09 16:00:00;P;15,7
2025/03/09 16:15:00;P;15,3
2025/03/09 16:30:00;P;17,5
2025/03/09 16:45:00;P;16,1
2025/03/09 17:00:00;P;17,3
2025/03/09 17:15:00;P;17,5
2025/03/09 17:30:00;P;20,6
2025/03/09 17:45:00;P;20,9
2025/03/09 18:00:00;P;18,2
2025/03/09 18:15:00;P;18,1
2025/03/09 18:30:00;P;22,8
2025/03/09 18:45:00;P;24,2
2025/03/09 19:00:00;P;20,1
2025/03/09 19:15:00;P;20,6
2025/03/09 19:30:00;P;21,5
2025/03/09 19:45:00;P;22,3
2025/03/09 20:00:00;P;15,5
2025/03/09 20:15:00;P;24,9
2025/03/09 20:30:00;P;24,1
2025/03/09 20:45:00;P;25,9
2025/03/09 21:00:00;P;27,8
2025/03/09 21:15:00;P;24,6
2025/03/09 21:30:00;P;24,2
2025/03/09 21:45:00;P;27,6
2025/03/09 22:00:00;P;25,3
2025/03/09 22:15:00;P;26,7
2025/03/09 22:30:00;P;28,6
2025/03/09 22:45:00;P;26,6
2025/03/09 23:00:00;P;29,6
2025/03/09 23:15:00;P;25,8
2025/03/09 23:30:00;P;24,8
2025/03/09 23:45:00;P;23,3
2025/03/10 00:00:00;P;23,7
2025/03/10 00:15:00;P;21,7
2025/03/10 00:30:00;P;20,3
2025/03/10 00:45:00;P;17,9
2025/03/10 01:00:00;P;18,3
2025/03/10 01:15:00;P;18,5
2025/03/10 01:30:00;P;17,4
2025/03/10 01:45:00;P;16,6
2025/03/10 02:00:00;P;17,6
2025/03/10 02:15:00;P;16,6
2025/03/10 02:30:00;P;16,0
2025/03/10 02:45:00;P;16,5
2025/03/10 03:00:00;P;17,1
2025/03/10 03:15:00;P;16,8
2025/03/10 03:30:00;P;16,3
2025/03/10 03:45:00;P;16,2
2025/03/10 04:00:00;P;16,4
2025/03/10 04:15:00;P;18,3
2025/03/10 04:30:00;P;17,9
2025/03/10 04:45:00;P;19,7
2025/03/10 05:00:00;P;19,3
2025/03/10 05:15:00;P;17,5
2025/03/10 05:30:00;P;32,7
2025/03/10 05:45:00;P;10,0
2025/03/10 06:00:00;P;14,0
2025/03/10 06:15:00;P;4,7
2025/03/10 06:30:00;P;6,2
2025/03/10 06:45:00;P;13,2
2025/03/10 07:00:00;P;17,8
2025/03/10 07:15:00;P;13,4
2025/03/10 07:30:00;P;4,1
2025/03/10 07:45:00;P;6,4
2025/03/10 08:00:00;P;2,9
2025/03/10 08:15:00;P;0,0
2025/03/10 08:30:00;P;0,0
2025/03/10 08:45:00;P;-4,9
2025/03/10 09:00:00;P;10,8
2025/03/10 09:15:00;P;17,2
2025/03/10 09:30:00;P;12,6
2025/03/10 09:45:00;P;-5,9
2025/03/10 10:00:00;P;-9,5
2025/03/10 10:15:00;P;-6,8
2025/03/10 10:30:00;P;-8,4
2025/03/10 10:45:00;P;16,6
2025/03/10 11:00:00;P;11,4
2025/03/10 11:15:00;P;16,1
2025/03/10 11:30:00;P;15,5
2025/03/10 11:45:00;P;10,6
2025/03/10 12:00:00;P;11,5
2025/03/10 12:15:00;P;15,2
2025/03/10 12:30:00;P;9,9
2025/03/10 12:45:00;P;11,8
2025/03/10 13:00:00;P;12,4
2025/03/10 13:15:00;P;13,8
2025/03/10 13:30:00;P;13,6
2025/03/10 13:45:00;P;10,6
2025/03/10 14:00:00;P;11,9
2025/03/10 14:15:00;P;-11,0
2025/03/10 14:30:00;P;-11,1
2025/03/10 14:45:00;P;-6,5
2025/03/10 15:00:00;P;19,3
2025/03/10 15:15:00;P;16,4
2025/03/10 15:30:00;P;16,4
2025/03/10 15:45:00;P;12,4
2025/03/10 16:00:00;P;13,6
2025/03/10 16:15:00;P;13,4
2025/03/10 16:30:00;P;11,9
2025/03/10 16:45:00;P;13,1
2025/03/10 17:00:00;P;9,9
2025/03/10 17:15:00;P;11,8
2025/03/10 17:30:00;P;14,3
2025/03/10 17:45:00;P;9,7
2025/03/10 18:00:00;P;8,6
2025/03/10 18:15:00;P;12,5
2025/03/10 18:30:00;P;18,9
2025/03/10 18:45:00;P;19,7
2025/03/10 19:00:00;P;15,4
2025/03/10 19:15:00;P;20,9
2025/03/10 19:30:00;P;19,6
2025/03/10 19:45:00;P;21,7
2025/03/10 20:00:00;P;22,6
2025/03/10 20:15:00;P;28,5
2025/03/10 20:30:00;P;22,6
2025/03/10 20:45:00;P;22,8
2025/03/10 21:00:00;P;26,1
2025/03/10 21:15:00;P;21,5
2025/03/10 21:30:00;P;20,8
2025/03/10 21:45:00;P;21,1
2025/03/10 22:00:00;P;23,4
2025/03/10 22:15:00;P;21,5
2025/03/10 22:30:00;P;26,3
2025/03/10 22:45:00;P;25,5
2025/03/10 23:00:00;P;29,1
2025/03/10 23:15:00;P;29,1
2025/03/10 23:30:00;P;26,1
2025/03/10 23:45:00;P;24,3
2025/03/11 00:00:00;P;23,7
2025/03/11 00:15:00;P;22,3
2025/03/11 00:30:00;P;20,5
2025/03/11 00:45:00;P;18,9
2025/03/11 01:00:00;P;19,0
2025/03/11 01:15:00;P;18,6
2025/03/11 01:30:00;P;18,6
2025/03/11 01:45:00;P;18,9
2025/03/11 02:00:00;P;17,8
2025/03/11 02:15:00;P;16,2
2025/03/11 02:30:00;P;15,8
2025/03/11 02:45:00;P;16,4
2025/03/11 03:00:00;P;16,4
2025/03/11 03:15:00;P;15,8
2025/03/11 03:30:00;P;15,8
2025/03/11 03:45:00;P;18,5
2025/03/11 04:00:00;P;17,0
2025/03/11 04:15:00;P;18,9
2025/03/11 04:30:00;P;17,8
2025/03/11 04:45:00;P;18,0
2025/03/11 05:00:00;P;19,5
2025/03/11 05:15:00;P;18,4
2025/03/11 05:30:00;P;19,1
2025/03/11 05:45:00;P;19,5
2025/03/11 06:00:00;P;22,1
2025/03/11 06:15:00;P;26,4
2025/03/11 06:30:00;P;22,8
2025/03/11 06:45:00;P;22,1
2025/03/11 07:00:00;P;23,1
2025/03/11 07:15:00;P;24,6
2025/03/11 07:30:00;P;27,9
2025/03/11 07:45:00;P;26,6
2025/03/11 08:00:00;P;19,5
2025/03/11 08:15:00;P;15,1
2025/03/11 08:30:00;P;17,7
2025/03/11 08:45:00;P;18,5
2025/03/11 09:00:00;P;14,8
2025/03/11 09:15:00;P;15,1
2025/03/11 09:30:00;P;13,9
2025/03/11 09:45:00;P;14,8
2025/03/11 10:00:00;P;12,8
2025/03/11 10:15:00;P;11,8
2025/03/11 10:30:00;P;12,5
2025/03/11 10:45:00;P;15,3
2025/03/11 11:00:00;P;15,2
2025/03/11 11:15:00;P;12,7
2025/03/11 11:30:00;P;11,9
2025/03/11 11:45:00;P;14,1
2025/03/11 12:00:00;P;12,3
2025/03/11 12:15:00;P;12,4
2025/03/11 12:30:00;P;16,0
2025/03/11 12:45:00;P;11,7
2025/03/11 13:00:00;P;10,7
2025/03/11 13:15:00;P;15,8
2025/03/11 13:30:00;P;9,1
2025/03/11 13:45:00;P;10,0
2025/03/11 14:00:00;P;13,0
2025/03/11 14:15:00;P;12,9
2025/03/11 14:30:00;P;10,6
2025/03/11 14:45:00;P;15,1
2025/03/11 15:00:00;P;6,3
2025/03/11 15:15:00;P;11,2
2025/03/11 15:30:00;P;15,6
2025/03/11 15:45:00;P;14,8
2025/03/11 16:00:00;P;12,4
2025/03/11 16:15:00;P;7,6
2025/03/11 16:30:00;P;7,1
2025/03/11 16:45:00;P;10,7
2025/03/11 17:00:00;P;11,7
2025/03/11 17:15:00;P;16,0
2025/03/11 17:30:00;P;17,1
2025/03/11 17:45:00;P;14,3
2025/03/11 18:00:00;P;17,6
2025/03/11 18:15:00;P;17,7
2025/03/11 18:30:00;P;18,0
2025/03/11 18:45:00;P;15,4
2025/03/11 19:00:00;P;15,8
2025/03/11 19:15:00;P;19,6
2025/03/11 19:30:00;P;17,5
2025/03/11 19:45:00;P;7,8
2025/03/11 20:00:00;P;16,0
2025/03/11 20:15:00;P;22,5
2025/03/11 20:30:00;P;20,9
2025/03/11 20:45:00;P;20,0
2025/03/11 21:00:00;P;26,2
2025/03/11 21:15:00;P;23,2
2025/03/11 21:30:00;P;21,9
2025/03/11 21:45:00;P;22,3
2025/03/11 22:00:00;P;22,9
2025/03/11 22:15:00;P;25,8
2025/03/11 22:30:00;P;24,8
2025/03/11 22:45:00;P;26,5
2025/03/11 23:00:00;P;28,4
2025/03/11 23:15:00;P;29,5
2025/03/11 23:30:00;P;26,9
2025/03/11 23:45:00;P;23,8
2025/03/12 00:00:00;P;21,7
2025/03/12 00:15:00;P;21,8
2025/03/12 00:30:00;P;21,0
2025/03/12 00:45:00;P;18,5
2025/03/12 01:00:00;P;19,0
2025/03/12 01:15:00;P;18,6
2025/03/12 01:30:00;P;18,1
2025/03/12 01:45:00;P;17,1
2025/03/12 02:00:00;P;17,1
2025/03/12 02:15:00;P;16,9
2025/03/12 02:30:00;P;16,6
2025/03/12 02:45:00;P;17,0
2025/03/12 03:00:00;P;16,5
2025/03/12 03:15:00;P;-5,3
2025/03/12 03:30:00;P;-5,3
2025/03/12 03:45:00;P;-5,0
2025/03/12 04:00:00;P;-5,2
2025/03/12 04:15:00;P;-5,4
2025/03/12 04:30:00;P;-4,5
2025/03/12 04:45:00;P;-3,3
2025/03/12 05:00:00;P;-2,3
2025/03/12 05:15:00;P;-3,4
2025/03/12 05:30:00;P;-2,7
2025/03/12 05:45:00;P;-3,0
2025/03/12 06:00:00;P;2,2
2025/03/12 06:15:00;P;-5,7
2025/03/12 06:30:00;P;-2,3
2025/03/12 06:45:00;P;3,5
2025/03/12 07:00:00;P;5,6
2025/03/12 07:15:00;P;2,9
2025/03/12 07:30:00;P;3,0
2025/03/12 07:45:00;P;0,0
2025/03/12 08:00:00;P;-3,4
2025/03/12 08:15:00;P;2,1
2025/03/12 08:30:00;P;-0,8
2025/03/12 08:45:00;P;0,0
2025/03/12 09:00:00;P;0,0
2025/03/12 09:15:00;P;0,0
2025/03/12 09:30:00;P;0,0
2025/03/12 09:45:00;P;0,0
2025/03/12 10:00:00;P;0,0
2025/03/12 10:15:00;P;0,0
2025/03/12 10:30:00;P;0,0
2025/03/12 10:45:00;P;0,0
2025/03/12 11:00:00;P;0,0
2025/03/12 11:15:00;P;0,0
2025/03/12 11:30:00;P;0,0
2025/03/12 11:45:00;P;0,0
2025/03/12 12:00:00;P;0,0
2025/03/12 12:15:00;P;0,0
2025/03/12 12:30:00;P;0,0
2025/03/12 12:45:00;P;0,0
2025/03/12 13:00:00;P;0,0
2025/03/12 13:15:00;P;0,0
2025/03/12 13:30:00;P;0,0
2025/03/12 13:45:00;P;0,0
2025/03/12 14:00:00;P;0,0
2025/03/12 14:15:00;P;0,0
2025/03/12 14:30:00;P;0,0
2025/03/12 14:45:00;P;0,0
2025/03/12 15:00:00;P;0,0
2025/03/12 15:15:00;P;0,0
2025/03/12 15:30:00;P;0,0
2025/03/12 15:45:00;P;0,0
2025/03/12 16:00:00;P;0,0
2025/03/12 16:15:00;P;0,0
2025/03/12 16:30:00;P;0,0
2025/03/12 16:45:00;P;0,0
2025/03/12 17:00:00;P;0,0
2025/03/12 17:15:00;P;0,0
2025/03/12 17:30:00;P;0,0
2025/03/12 17:45:00;P;0,0
2025/03/12 18:00:00;P;0,0
2025/03/12 18:15:00;P;0,0
2025/03/12 18:30:00;P;0,0
2025/03/12 18:45:00;P;0,0
2025/03/12 19:00:00;P;0,0
2025/03/12 19:15:00;P;0,0
2025/03/12 19:30:00;P;0,0
2025/03/12 19:45:00;P;0,0
2025/03/12 20:00:00;P;0,0
2025/03/12 20:15:00;P;0,0
2025/03/12 20:30:00;P;0,0
2025/03/12 20:45:00;P;0,0
2025/03/12 21:00:00;P;0,0
2025/03/12 21:15:00;P;0,0
2025/03/12 21:30:00;P;0,0
2025/03/12 21:45:00;P;0,0
2025/03/12 22:00:00;P;0,0
2025/03/12 22:15:00;P;0,0
2025/03/12 22:30:00;P;0,0
2025/03/12 22:45:00;P;0,0
2025/03/12 23:00:00;P;0,0
2025/03/12 23:15:00;P;0,0
2025/03/12 23:30:00;P;0,0
2025/03/12 23:45:00;P;-0,7
2025/03/13 00:00:00;P;0,0
2025/03/13 00:15:00;P;0,0
2025/03/13 00:30:00;P;0,0
2025/03/13 00:45:00;P;0,0
2025/03/13 01:00:00;P;0,0
2025/03/13 01:15:00;P;0,0
2025/03/13 01:30:00;P;0,0
2025/03/13 01:45:00;P;0,0
2025/03/13 02:00:00;P;0,0
2025/03/13 02:15:00;P;0,0
2025/03/13 02:30:00;P;0,0
2025/03/13 02:45:00;P;0,0
2025/03/13 03:00:00;P;0,0
2025/03/13 03:15:00;P;0,0
2025/03/13 03:30:00;P;0,0
2025/03/13 03:45:00;P;0,0
2025/03/13 04:00:00;P;0,0
2025/03/13 04:15:00;P;0,0
2025/03/13 04:30:00;P;0,0
2025/03/13 04:45:00;P;0,0
2025/03/13 05:00:00;P;0,0
2025/03/13 05:15:00;P;0,0
2025/03/13 05:30:00;P;0,0
2025/03/13 05:45:00;P;0,0
2025/03/13 06:00:00;P;0,0
2025/03/13 06:15:00;P;0,0
2025/03/13 06:30:00;P;0,0
2025/03/13 06:45:00;P;0,0
2025/03/13 07:00:00;P;0,0
2025/03/13 07:15:00;P;0,0
2025/03/13 07:30:00;P;0,0
2025/03/13 07:45:00;P;0,0
2025/03/13 08:00:00;P;0,0
2025/03/13 08:15:00;P;0,0
2025/03/13 08:30:00;P;0,0
2025/03/13 08:45:00;P;0,0
2025/03/13 09:00:00;P;0,0
2025/03/13 09:15:00;P;0,0
2025/03/13 09:30:00;P;0,0
2025/03/13 09:45:00;P;0,0
2025/03/13 10:00:00;P;0,0
2025/03/13 10:15:00;P;0,0
2025/03/13 10:30:00;P;0,0
2025/03/13 10:45:00;P;0,0
2025/03/13 11:00:00;P;0,0
2025/03/13 11:15:00;P;0,0
2025/03/13 11:30:00;P;0,0
2025/03/13 11:45:00;P;0,0
2025/03/13 12:00:00;P;0,0
2025/03/13 12:15:00;P;0,0
2025/03/13 12:30:00;P;0,0
2025/03/13 12:45:00;P;0,0
2025/03/13 13:00:00;P;0,0
2025/03/13 13:15:00;P;0,0
2025/03/13 13:30:00;P;0,0
2025/03/13 13:45:00;P;0,0
2025/03/13 14:00:00;P;0,0
2025/03/13 14:15:00;P;0,0
2025/03/13 14:30:00;P;0,0
2025/03/13 14:45:00;P;0,0
2025/03/13 15:00:00;P;0,0
2025/03/13 15:15:00;P;-0,6
2025/03/13 15:30:00;P;-0,6
2025/03/13 15:45:00;P;0,0
2025/03/13 16:00:00;P;0,0
2025/03/13 16:15:00;P;0,0
2025/03/13 16:30:00;P;0,0
2025/03/13 16:45:00;P;0,0
2025/03/13 17:00:00;P;0,0
2025/03/13 17:15:00;P;0,0
2025/03/13 17:30:00;P;0,0
2025/03/13 17:45:00;P;0,0
2025/03/13 18:00:00;P;0,0
2025/03/13 18:15:00;P;0,0
2025/03/13 18:30:00;P;0,0
2025/03/13 18:45:00;P;0,0
2025/03/13 19:00:00;P;0,0
2025/03/13 19:15:00;P;0,0
2025/03/13 19:30:00;P;0,0
2025/03/13 19:45:00;P;0,0
2025/03/13 20:00:00;P;0,0
2025/03/13 20:15:00;P;0,0
2025/03/13 20:30:00;P;0,0
2025/03/13 20:45:00;P;0,0
2025/03/13 21:00:00;P;0,0
2025/03/13 21:15:00;P;0,0
2025/03/13 21:30:00;P;0,0
2025/03/13 21:45:00;P;-0,6
2025/03/13 22:00:00;P;0,0
2025/03/13 22:15:00;P;0,0
2025/03/13 22:30:00;P;0,0
2025/03/13 22:45:00;P;0,0
2025/03/13 23:00:00;P;0,0
2025/03/13 23:15:00;P;0,0
2025/03/13 23:30:00;P;0,0
2025/03/13 23:45:00;P;0,0
2025/03/14 00:00:00;P;0,0
2025/03/14 00:15:00;P;0,0
2025/03/14 00:30:00;P;0,0
2025/03/14 00:45:00;P;0,0
2025/03/14 01:00:00;P;0,0
2025/03/14 01:15:00;P;0,0
2025/03/14 01:30:00;P;0,0
2025/03/14 01:45:00;P;0,0
2025/03/14 02:00:00;P;0,0
2025/03/14 02:15:00;P;0,0
2025/03/14 02:30:00;P;0,0
2025/03/14 02:45:00;P;0,0
2025/03/14 03:00:00;P;0,0
2025/03/14 03:15:00;P;0,0
2025/03/14 03:30:00;P;0,0
2025/03/14 03:45:00;P;0,0
2025/03/14 04:00:00;P;0,0
2025/03/14 04:15:00;P;0,0
2025/03/14 04:30:00;P;0,0
2025/03/14 04:45:00;P;0,0
2025/03/14 05:00:00;P;0,0
2025/03/14 05:15:00;P;0,0
2025/03/14 05:30:00;P;0,0
2025/03/14 05:45:00;P;0,0
2025/03/14 06:00:00;P;0,0
2025/03/14 06:15:00;P;0,0
2025/03/14 06:30:00;P;0,0
2025/03/14 06:45:00;P;0,0
2025/03/14 07:00:00;P;0,0
2025/03/14 07:15:00;P;0,0
2025/03/14 07:30:00;P;0,0
2025/03/14 07:45:00;P;0,0
2025/03/14 08:00:00;P;0,0
2025/03/14 08:15:00;P;0,0
2025/03/14 08:30:00;P;0,0
2025/03/14 08:45:00;P;0,0
2025/03/14 09:00:00;P;0,0
2025/03/14 09:15:00;P;0,0
2025/03/14 09:30:00;P;-0,6
2025/03/14 09:45:00;P;0,0
2025/03/14 10:00:00;P;0,0
2025/03/14 10:15:00;P;0,0
2025/03/14 10:30:00;P;0,0
2025/03/14 10:45:00;P;0,0
2025/03/14 11:00:00;P;0,0
2025/03/14 11:15:00;P;0,0
2025/03/14 11:30:00;P;0,0
2025/03/14 11:45:00;P;-0,6
2025/03/14 12:00:00;P;0,0
2025/03/14 12:15:00;P;0,0
2025/03/14 12:30:00;P;0,0
2025/03/14 12:45:00;P;0,0
2025/03/14 13:00:00;P;0,0
2025/03/14 13:15:00;P;0,0
2025/03/14 13:30:00;P;0,0
2025/03/14 13:45:00;P;0,0
2025/03/14 14:00:00;P;0,0
2025/03/14 14:15:00;P;-0,5
2025/03/14 14:30:00;P;0,0
2025/03/14 14:45:00;P;0,0
2025/03/14 15:00:00;P;0,0
2025/03/14 15:15:00;P;0,0
2025/03/14 15:30:00;P;0,0
2025/03/14 15:45:00;P;0,0
2025/03/14 16:00:00;P;0,0
2025/03/14 16:15:00;P;0,0
2025/03/14 16:30:00;P;0,0
2025/03/14 16:45:00;P;0,0
2025/03/14 17:00:00;P;0,0
2025/03/14 17:15:00;P;0,0
2025/03/14 17:30:00;P;0,0
2025/03/14 17:45:00;P;0,0
2025/03/14 18:00:00;P;0,0
2025/03/14 18:15:00;P;0,0
2025/03/14 18:30:00;P;0,0
2025/03/14 18:45:00;P;0,0
2025/03/14 19:00:00;P;0,0
2025/03/14 19:15:00;P;0,0
2025/03/14 19:30:00;P;0,8
2025/03/14 19:45:00;P;0,0
2025/03/14 20:00:00;P;0,0
2025/03/14 20:15:00;P;0,0
2025/03/14 20:30:00;P;0,0
2025/03/14 20:45:00;P;0,0
2025/03/14 21:00:00;P;0,0
2025/03/14 21:15:00;P;0,0
2025/03/14 21:30:00;P;0,0
2025/03/14 21:45:00;P;0,0
2025/03/14 22:00:00;P;0,0
2025/03/14 22:15:00;P;0,0
2025/03/14 22:30:00;P;0,0
2025/03/14 22:45:00;P;0,0
2025/03/14 23:00:00;P;0,0
2025/03/14 23:15:00;P;0,0
2025/03/14 23:30:00;P;0,0
2025/03/14 23:45:00;P;0,0
2025/03/15 00:00:00;P;0,0
2025/03/15 00:15:00;P;0,0
2025/03/15 00:30:00;P;0,0
2025/03/15 00:45:00;P;0,0
2025/03/15 01:00:00;P;0,0
2025/03/15 01:15:00;P;0,0
2025/03/15 01:30:00;P;0,0
2025/03/15 01:45:00;P;0,0
2025/03/15 02:00:00;P;0,0
2025/03/15 02:15:00;P;0,0
2025/03/15 02:30:00;P;0,0
2025/03/15 02:45:00;P;0,0
2025/03/15 03:00:00;P;0,0
2025/03/15 03:15:00;P;0,0
2025/03/15 03:30:00;P;0,0
2025/03/15 03:45:00;P;0,0
2025/03/15 04:00:00;P;0,0
2025/03/15 04:15:00;P;0,0
2025/03/15 04:30:00;P;0,0
2025/03/15 04:45:00;P;0,0
2025/03/15 05:00:00;P;0,0
2025/03/15 05:15:00;P;0,0
2025/03/15 05:30:00;P;0,0
2025/03/15 05:45:00;P;0,0
2025/03/15 06:00:00;P;0,0
2025/03/15 06:15:00;P;0,0
2025/03/15 06:30:00;P;0,0
2025/03/15 06:45:00;P;0,0
2025/03/15 07:00:00;P;0,0
2025/03/15 07:15:00;P;0,0
2025/03/15 07:30:00;P;0,0
2025/03/15 07:45:00;P;0,0
2025/03/15 08:00:00;P;0,0
2025/03/15 08:15:00;P;0,0
2025/03/15 08:30:00;P;0,0
2025/03/15 08:45:00;P;0,0
2025/03/15 09:00:00;P;0,0
2025/03/15 09:15:00;P;0,0
2025/03/15 09:30:00;P;-0,8
2025/03/15 09:45:00;P;0,0
2025/03/15 10:00:00;P;0,0
2025/03/15 10:15:00;P;0,0
2025/03/15 10:30:00;P;0,0
2025/03/15 10:45:00;P;0,0
2025/03/15 11:00:00;P;0,0
2025/03/15 11:15:00;P;0,0
2025/03/15 11:30:00;P;0,0
2025/03/15 11:45:00;P;0,0
2025/03/15 12:00:00;P;0,0
2025/03/15 12:15:00;P;0,0
2025/03/15 12:30:00;P;0,0
2025/03/15 12:45:00;P;0,0
2025/03/15 13:00:00;P;0,0
2025/03/15 13:15:00;P;0,0
2025/03/15 13:30:00;P;0,0
2025/03/15 13:45:00;P;0,0
2025/03/15 14:00:00;P;0,0
2025/03/15 14:15:00;P;0,0
2025/03/15 14:30:00;P;0,0
2025/03/15 14:45:00;P;0,0
2025/03/15 15:00:00;P;0,0
2025/03/15 15:15:00;P;0,0
2025/03/15 15:30:00;P;0,0
2025/03/15 15:45:00;P;-0,5
2025/03/15 16:00:00;P;0,0
2025/03/15 16:15:00;P;0,0
2025/03/15 16:30:00;P;0,0
2025/03/15 16:45:00;P;0,0
2025/03/15 17:00:00;P;0,0
2025/03/15 17:15:00;P;0,0
2025/03/15 17:30:00;P;0,0
2025/03/15 17:45:00;P;0,0
2025/03/15 18:00:00;P;0,0
2025/03/15 18:15:00;P;0,0
2025/03/15 18:30:00;P;0,0
2025/03/15 18:45:00;P;0,0
2025/03/15 19:00:00;P;0,0
2025/03/15 19:15:00;P;0,0
2025/03/15 19:30:00;P;0,0
2025/03/15 19:45:00;P;0,0
2025/03/15 20:00:00;P;0,0
2025/03/15 20:15:00;P;0,0
2025/03/15 20:30:00;P;0,0
2025/03/15 20:45:00;P;0,0
2025/03/15 21:00:00;P;0,0
2025/03/15 21:15:00;P;0,0
2025/03/15 21:30:00;P;0,0
2025/03/15 21:45:00;P;0,0
2025/03/15 22:00:00;P;0,0
2025/03/15 22:15:00;P;0,0
2025/03/15 22:30:00;P;0,0
2025/03/15 22:45:00;P;0,0
2025/03/15 23:00:00;P;0,0
2025/03/15 23:15:00;P;0,0
2025/03/15 23:30:00;P;0,0
2025/03/15 23:45:00;P;0,0
2025/03/16 00:00:00;P;0,0
2025/03/16 00:15:00;P;0,0
2025/03/16 00:30:00;P;0,0
2025/03/16 00:45:00;P;0,0
2025/03/16 01:00:00;P;0,0
2025/03/16 01:15:00;P;0,0
2025/03/16 01:30:00;P;0,0
2025/03/16 01:45:00;P;0,0
2025/03/16 02:00:00;P;0,0
2025/03/16 02:15:00;P;0,0
2025/03/16 02:30:00;P;0,0
2025/03/16 02:45:00;P;0,0
2025/03/16 03:00:00;P;0,0
2025/03/16 03:15:00;P;0,0
2025/03/16 03:30:00;P;0,0
2025/03/16 03:45:00;P;0,0
2025/03/16 04:00:00;P;0,0
2025/03/16 04:15:00;P;0,0
2025/03/16 04:30:00;P;0,0
2025/03/16 04:45:00;P;0,0
2025/03/16 05:00:00;P;0,0
2025/03/16 05:15:00;P;0,0
2025/03/16 05:30:00;P;0,0
2025/03/16 05:45:00;P;0,0
2025/03/16 06:00:00;P;0,0
2025/03/16 06:15:00;P;0,0
2025/03/16 06:30:00;P;0,0
2025/03/16 06:45:00;P;0,0
2025/03/16 07:00:00;P;0,0
2025/03/16 07:15:00;P;0,0
2025/03/16 07:30:00;P;0,0
2025/03/16 07:45:00;P;0,0
2025/03/16 08:00:00;P;0,0
2025/03/16 08:15:00;P;0,0
2025/03/16 08:30:00;P;0,0
2025/03/16 08:45:00;P;0,0
2025/03/16 09:00:00;P;0,0
2025/03/16 09:15:00;P;0,0
2025/03/16 09:30:00;P;0,0
2025/03/16 09:45:00;P;0,0
2025/03/16 10:00:00;P;0,0
2025/03/16 10:15:00;P;0,0
2025/03/16 10:30:00;P;0,0
2025/03/16 10:45:00;P;0,0
2025/03/16 11:00:00;P;0,0
2025/03/16 11:15:00;P;0,0
2025/03/16 11:30:00;P;0,0
2025/03/16 11:45:00;P;0,0
2025/03/16 12:00:00;P;0,0
2025/03/16 12:15:00;P;0,0
2025/03/16 12:30:00;P;0,0
2025/03/16 12:45:00;P;0,0
2025/03/16 13:00:00;P;0,0
2025/03/16 13:15:00;P;0,0
2025/03/16 13:30:00;P;0,0
2025/03/16 13:45:00;P;0,0
2025/03/16 14:00:00;P;0,0
2025/03/16 14:15:00;P;-0,6
2025/03/16 14:30:00;P;0,0
2025/03/16 14:45:00;P;0,0
2025/03/16 15:00:00;P;0,0
2025/03/16 15:15:00;P;0,0
2025/03/16 15:30:00;P;0,0
2025/03/16 15:45:00;P;0,0
2025/03/16 16:00:00;P;0,0
2025/03/16 16:15:00;P;0,0
2025/03/16 16:30:00;P;0,0
2025/03/16 16:45:00;P;0,0
2025/03/16 17:00:00;P;0,0
2025/03/16 17:15:00;P;0,0
2025/03/16 17:30:00;P;0,0
2025/03/16 17:45:00;P;0,0
2025/03/16 18:00:00;P;0,0
2025/03/16 18:15:00;P;0,0
2025/03/16 18:30:00;P;0,0
2025/03/16 18:45:00;P;0,0
2025/03/16 19:00:00;P;0,0
2025/03/16 19:15:00;P;0,0
2025/03/16 19:30:00;P;0,0
2025/03/16 19:45:00;P;0,0
2025/03/16 20:00:00;P;0,0
2025/03/16 20:15:00;P;0,0
2025/03/16 20:30:00;P;0,0
2025/03/16 20:45:00;P;0,0
2025/03/16 21:00:00;P;0,0
2025/03/16 21:15:00;P;0,0
2025/03/16 21:30:00;P;0,0
2025/03/16 21:45:00;P;0,0
2025/03/16 22:00:00;P;0,0
2025/03/16 22:15:00;P;0,0
2025/03/16 22:30:00;P;0,0
2025/03/16 22:45:00;P;0,0
2025/03/16 23:00:00;P;0,0
2025/03/16 23:15:00;P;0,0
2025/03/16 23:30:00;P;0,0
2025/03/16 23:45:00;P;0,0
2025/03/17 00:00:00;P;0,0
2025/03/17 00:15:00;P;0,0
2025/03/17 00:30:00;P;0,0
2025/03/17 00:45:00;P;0,0
2025/03/17 01:00:00;P;0,0
2025/03/17 01:15:00;P;0,0
2025/03/17 01:30:00;P;0,0
2025/03/17 01:45:00;P;0,0
2025/03/17 02:00:00;P;0,0
2025/03/17 02:15:00;P;0,0
2025/03/17 02:30:00;P;0,0
2025/03/17 02:45:00;P;0,0
2025/03/17 03:00:00;P;0,0
2025/03/17 03:15:00;P;0,0
2025/03/17 03:30:00;P;0,0
2025/03/17 03:45:00;P;0,0
2025/03/17 04:00:00;P;0,0
2025/03/17 04:15:00;P;0,0
2025/03/17 04:30:00;P;0,0
2025/03/17 04:45:00;P;0,0
2025/03/17 05:00:00;P;0,0
2025/03/17 05:15:00;P;0,0
2025/03/17 05:30:00;P;-0,8
2025/03/17 05:45:00;P;0,0
2025/03/17 06:00:00;P;0,0
2025/03/17 06:15:00;P;0,0
2025/03/17 06:30:00;P;0,0
2025/03/17 06:45:00;P;0,0
2025/03/17 07:00:00;P;0,0
2025/03/17 07:15:00;P;0,0
2025/03/17 07:30:00;P;0,0
2025/03/17 07:45:00;P;0,0
2025/03/17 08:00:00;P;0,0
2025/03/17 08:15:00;P;0,0
2025/03/17 08:30:00;P;0,0
2025/03/17 08:45:00;P;0,0
2025/03/17 09:00:00;P;0,0
2025/03/17 09:15:00;P;0,0
2025/03/17 09:30:00;P;0,0
2025/03/17 09:45:00;P;0,0
2025/03/17 10:00:00;P;0,0
2025/03/17 10:15:00;P;0,0
2025/03/17 10:30:00;P;0,0
2025/03/17 10:45:00;P;0,0
2025/03/17 11:00:00;P;0,0
2025/03/17 11:15:00;P;0,0
2025/03/17 11:30:00;P;0,0
2025/03/17 11:45:00;P;0,0
2025/03/17 12:00:00;P;0,0
2025/03/17 12:15:00;P;0,0
2025/03/17 12:30:00;P;0,0
2025/03/17 12:45:00;P;0,0
2025/03/17 13:00:00;P;0,0
2025/03/17 13:15:00;P;0,0
2025/03/17 13:30:00;P;0,0
2025/03/17 13:45:00;P;0,0
2025/03/17 14:00:00;P;0,0
2025/03/17 14:15:00;P;0,0
2025/03/17 14:30:00;P;0,0
2025/03/17 14:45:00;P;0,0
2025/03/17 15:00:00;P;-0,6
2025/03/17 15:15:00;P;0,0
2025/03/17 15:30:00;P;0,0
2025/03/17 15:45:00;P;0,0
2025/03/17 16:00:00;P;0,0
2025/03/17 16:15:00;P;0,0
2025/03/17 16:30:00;P;0,0
2025/03/17 16:45:00;P;0,0
2025/03/17 17:00:00;P;0,0
2025/03/17 17:15:00;P;0,0
2025/03/17 17:30:00;P;0,0
2025/03/17 17:45:00;P;0,0
2025/03/17 18:00:00;P;0,0
2025/03/17 18:15:00;P;0,0
2025/03/17 18:30:00;P;0,0
2025/03/17 18:45:00;P;0,0
2025/03/17 19:00:00;P;0,0
2025/03/17 19:15:00;P;0,0
2025/03/17 19:30:00;P;0,0
2025/03/17 19:45:00;P;0,0
2025/03/17 20:00:00;P;0,0
2025/03/17 20:15:00;P;0,0
2025/03/17 20:30:00;P;0,0
2025/03/17 20:45:00;P;-0,6
2025/03/17 21:00:00;P;0,0
2025/03/17 21:15:00;P;-0,7
2025/03/17 21:30:00;P;0,0
2025/03/17 21:45:00;P;0,0
2025/03/17 22:00:00;P;0,0
2025/03/17 22:15:00;P;0,0
2025/03/17 22:30:00;P;0,0
2025/03/17 22:45:00;P;0,0
2025/03/17 23:00:00;P;0,0
2025/03/17 23:15:00;P;0,0
2025/03/17 23:30:00;P;0,0
2025/03/17 23:45:00;P;0,0
2025/03/18 00:00:00;P;0,0
2025/03/18 00:15:00;P;0,0
2025/03/18 00:30:00;P;0,0
2025/03/18 00:45:00;P;0,0
2025/03/18 01:00:00;P;0,0
2025/03/18 01:15:00;P;0,0
2025/03/18 01:30:00;P;0,0
2025/03/18 01:45:00;P;0,0
2025/03/18 02:00:00;P;0,0
2025/03/18 02:15:00;P;0,0
2025/03/18 02:30:00;P;0,0
2025/03/18 02:45:00;P;0,0
2025/03/18 03:00:00;P;0,0
2025/03/18 03:15:00;P;0,0
2025/03/18 03:30:00;P;0,0
2025/03/18 03:45:00;P;0,0
2025/03/18 04:00:00;P;0,0
2025/03/18 04:15:00;P;0,0
2025/03/18 04:30:00;P;0,0
2025/03/18 04:45:00;P;0,0
2025/03/18 05:00:00;P;0,0
2025/03/18 05:15:00;P;0,0
2025/03/18 05:30:00;P;0,0
2025/03/18 05:45:00;P;0,0
2025/03/18 06:00:00;P;0,0
2025/03/18 06:15:00;P;0,0
2025/03/18 06:30:00;P;0,0
2025/03/18 06:45:00;P;0,0
2025/03/18 07:00:00;P;0,0
2025/03/18 07:15:00;P;-0,6
2025/03/18 07:30:00;P;0,0
2025/03/18 07:45:00;P;0,0
2025/03/18 08:00:00;P;0,0
2025/03/18 08:15:00;P;0,0
2025/03/18 08:30:00;P;0,0
2025/03/18 08:45:00;P;-0,4
2025/03/18 09:00:00;P;0,0
2025/03/18 09:15:00;P;0,0
2025/03/18 09:30:00;P;0,0
2025/03/18 09:45:00;P;0,0
2025/03/18 10:00:00;P;0,0
2025/03/18 10:15:00;P;0,0
2025/03/18 10:30:00;P;0,0
2025/03/18 10:45:00;P;0,0
2025/03/18 11:00:00;P;0,0
2025/03/18 11:15:00;P;0,0
2025/03/18 11:30:00;P;0,0
2025/03/18 11:45:00;P;0,0
2025/03/18 12:00:00;P;0,0
2025/03/18 12:15:00;P;0,0
2025/03/18 12:30:00;P;0,0
2025/03/18 12:45:00;P;0,0
2025/03/18 13:00:00;P;0,0
2025/03/18 13:15:00;P;0,0
2025/03/18 13:30:00;P;0,0
2025/03/18 13:45:00;P;0,0
2025/03/18 14:00:00;P;0,0
2025/03/18 14:15:00;P;0,0
2025/03/18 14:30:00;P;0,0
2025/03/18 14:45:00;P;0,0
2025/03/18 15:00:00;P;0,0
2025/03/18 15:15:00;P;0,0
2025/03/18 15:30:00;P;0,0
2025/03/18 15:45:00;P;0,0
2025/03/18 16:00:00;P;0,0
2025/03/18 16:15:00;P;0,0
2025/03/18 16:30:00;P;0,0
2025/03/18 16:45:00;P;0,0
2025/03/18 17:00:00;P;0,0
2025/03/18 17:15:00;P;0,0
2025/03/18 17:30:00;P;0,0
2025/03/18 17:45:00;P;0,0
2025/03/18 18:00:00;P;-0,4
2025/03/18 18:15:00;P;0,0
2025/03/18 18:30:00;P;0,0
2025/03/18 18:45:00;P;0,0
2025/03/18 19:00:00;P;0,0
2025/03/18 19:15:00;P;0,0
2025/03/18 19:30:00;P;0,0
2025/03/18 19:45:00;P;0,0
2025/03/18 20:00:00;P;0,0
2025/03/18 20:15:00;P;0,0
2025/03/18 20:30:00;P;0,0
2025/03/18 20:45:00;P;0,0
2025/03/18 21:00:00;P;0,0
2025/03/18 21:15:00;P;0,0
2025/03/18 21:30:00;P;0,0
2025/03/18 21:45:00;P;0,0
2025/03/18 22:00:00;P;0,0
2025/03/18 22:15:00;P;0,0
2025/03/18 22:30:00;P;0,0
2025/03/18 22:45:00;P;0,0
2025/03/18 23:00:00;P;0,0
2025/03/18 23:15:00;P;0,0
2025/03/18 23:30:00;P;-0,5
2025/03/18 23:45:00;P;0,0
2025/03/19 00:00:00;P;0,0
2025/03/19 00:15:00;P;0,0
2025/03/19 00:30:00;P;0,0
2025/03/19 00:45:00;P;0,0
2025/03/19 01:00:00;P;0,0
2025/03/19 01:15:00;P;0,0
2025/03/19 01:30:00;P;0,0
2025/03/19 01:45:00;P;0,0
2025/03/19 02:00:00;P;0,0
2025/03/19 02:15:00;P;0,0
2025/03/19 02:30:00;P;0,0
2025/03/19 02:45:00;P;0,0
2025/03/19 03:00:00;P;0,0
2025/03/19 03:15:00;P;0,0
2025/03/19 03:30:00;P;0,0
2025/03/19 03:45:00;P;0,0
2025/03/19 04:00:00;P;0,0
2025/03/19 04:15:00;P;0,0
2025/03/19 04:30:00;P;0,0
2025/03/19 04:45:00;P;0,0
2025/03/19 05:00:00;P;0,0
2025/03/19 05:15:00;P;0,0
2025/03/19 05:30:00;P;0,0
2025/03/19 05:45:00;P;0,0
2025/03/19 06:00:00;P;0,0
2025/03/19 06:15:00;P;0,0
2025/03/19 06:30:00;P;0,0
2025/03/19 06:45:00;P;0,0
2025/03/19 07:00:00;P;0,0
2025/03/19 07:15:00;P;0,0
2025/03/19 07:30:00;P;0,0
2025/03/19 07:45:00;P;0,0
2025/03/19 08:00:00;P;0,0
2025/03/19 08:15:00;P;0,0
2025/03/19 08:30:00;P;0,0
2025/03/19 08:45:00;P;0,0
2025/03/19 09:00:00;P;0,0
2025/03/19 09:15:00;P;0,0
2025/03/19 09:30:00;P;0,0
2025/03/19 09:45:00;P;0,0
2025/03/19 10:00:00;P;0,0
2025/03/19 10:15:00;P;0,0
2025/03/19 10:30:00;P;0,0
2025/03/19 10:45:00;P;0,0
2025/03/19 11:00:00;P;0,0
2025/03/19 11:15:00;P;0,0
2025/03/19 11:30:00;P;0,0
2025/03/19 11:45:00;P;0,0
2025/03/19 12:00:00;P;0,0
2025/03/19 12:15:00;P;0,0
2025/03/19 12:30:00;P;0,0
2025/03/19 12:45:00;P;0,0
2025/03/19 13:00:00;P;0,0
2025/03/19 13:15:00;P;0,0
2025/03/19 13:30:00;P;0,0
2025/03/19 13:45:00;P;0,0
2025/03/19 14:00:00;P;0,0
2025/03/19 14:15:00;P;0,0
2025/03/19 14:30:00;P;0,0
2025/03/19 14:45:00;P;0,0
2025/03/19 15:00:00;P;0,0
2025/03/19 15:15:00;P;0,0
2025/03/19 15:30:00;P;0,0
2025/03/19 15:45:00;P;0,0
2025/03/19 16:00:00;P;0,0
2025/03/19 16:15:00;P;0,0
2025/03/19 16:30:00;P;0,0
2025/03/19 16:45:00;P;0,0
2025/03/19 17:00:00;P;0,0
2025/03/19 17:15:00;P;0,0
2025/03/19 17:30:00;P;0,0
2025/03/19 17:45:00;P;0,0
2025/03/19 18:00:00;P;-0,5
2025/03/19 18:15:00;P;0,0
2025/03/19 18:30:00;P;-0,6
2025/03/19 18:45:00;P;0,0
2025/03/19 19:00:00;P;0,0
2025/03/19 19:15:00;P;0,0
2025/03/19 19:30:00;P;0,0
2025/03/19 19:45:00;P;0,0
2025/03/19 20:00:00;P;-0,6
2025/03/19 20:15:00;P;0,0
2025/03/19 20:30:00;P;0,0
2025/03/19 20:45:00;P;0,0
2025/03/19 21:00:00;P;0,0
2025/03/19 21:15:00;P;0,0
2025/03/19 21:30:00;P;0,0
2025/03/19 21:45:00;P;0,0
2025/03/19 22:00:00;P;0,0
2025/03/19 22:15:00;P;0,0
2025/03/19 22:30:00;P;0,0
2025/03/19 22:45:00;P;0,0
2025/03/19 23:00:00;P;0,0
2025/03/19 23:15:00;P;0,0
2025/03/19 23:30:00;P;0,0
2025/03/19 23:45:00;P;0,0
2025/03/20 00:00:00;P;0,0
2025/03/20 00:15:00;P;0,0
2025/03/20 00:30:00;P;0,0
2025/03/20 00:45:00;P;0,0
2025/03/20 01:00:00;P;0,0
2025/03/20 01:15:00;P;0,0
2025/03/20 01:30:00;P;0,0
2025/03/20 01:45:00;P;0,0
2025/03/20 02:00:00;P;0,0
2025/03/20 02:15:00;P;0,0
2025/03/20 02:30:00;P;0,0
2025/03/20 02:45:00;P;0,0
2025/03/20 03:00:00;P;0,0
2025/03/20 03:15:00;P;0,0
2025/03/20 03:30:00;P;0,0
2025/03/20 03:45:00;P;0,0
2025/03/20 04:00:00;P;0,0
2025/03/20 04:15:00;P;0,0
2025/03/20 04:30:00;P;0,0
2025/03/20 04:45:00;P;0,0
2025/03/20 05:00:00;P;0,0
2025/03/20 05:15:00;P;0,0
2025/03/20 05:30:00;P;0,0
2025/03/20 05:45:00;P;0,0
2025/03/20 06:00:00;P;0,0
2025/03/20 06:15:00;P;0,0
2025/03/20 06:30:00;P;0,0
2025/03/20 06:45:00;P;0,0
2025/03/20 07:00:00;P;0,0
2025/03/20 07:15:00;P;0,0
2025/03/20 07:30:00;P;0,0
2025/03/20 07:45:00;P;0,0
2025/03/20 08:00:00;P;0,0
2025/03/20 08:15:00;P;0,0
2025/03/20 08:30:00;P;0,0
2025/03/20 08:45:00;P;0,0
2025/03/20 09:00:00;P;0,0
2025/03/20 09:15:00;P;0,0
2025/03/20 09:30:00;P;0,0
2025/03/20 09:45:00;P;0,0
2025/03/20 10:00:00;P;0,0
2025/03/20 10:15:00;P;-0,5
2025/03/20 10:30:00;P;0,0
2025/03/20 10:45:00;P;0,0
2025/03/20 11:00:00;P;0,0
2025/03/20 11:15:00;P;0,0
2025/03/20 11:30:00;P;0,0
2025/03/20 11:45:00;P;0,0
2025/03/20 12:00:00;P;0,0
2025/03/20 12:15:00;P;0,0
2025/03/20 12:30:00;P;0,0
2025/03/20 12:45:00;P;0,0
2025/03/20 13:00:00;P;0,0
2025/03/20 13:15:00;P;0,0
2025/03/20 13:30:00;P;0,0
2025/03/20 13:45:00;P;0,0
2025/03/20 14:00:00;P;0,0
2025/03/20 14:15:00;P;0,0
2025/03/20 14:30:00;P;0,0
2025/03/20 14:45:00;P;0,0
2025/03/20 15:00:00;P;0,0
2025/03/20 15:15:00;P;0,0
2025/03/20 15:30:00;P;0,0
2025/03/20 15:45:00;P;0,0
2025/03/20 16:00:00;P;0,7
2025/03/20 16:15:00;P;0,0
2025/03/20 16:30:00;P;0,0
2025/03/20 16:45:00;P;0,0
2025/03/20 17:00:00;P;0,0
2025/03/20 17:15:00;P;0,0
2025/03/20 17:30:00;P;0,0
2025/03/20 17:45:00;P;0,0
2025/03/20 18:00:00;P;0,0
2025/03/20 18:15:00;P;0,0
2025/03/20 18:30:00;P;0,0
2025/03/20 18:45:00;P;0,0
2025/03/20 19:00:00;P;0,0
2025/03/20 19:15:00;P;0,0
2025/03/20 19:30:00;P;0,0
2025/03/20 19:45:00;P;-0,7
2025/03/20 20:00:00;P;0,0
2025/03/20 20:15:00;P;0,0
2025/03/20 20:30:00;P;0,0
2025/03/20 20:45:00;P;0,0
2025/03/20 21:00:00;P;0,0
2025/03/20 21:15:00;P;0,0
2025/03/20 21:30:00;P;0,0
2025/03/20 21:45:00;P;-0,6
2025/03/20 22:00:00;P;0,0
2025/03/20 22:15:00;P;0,0
2025/03/20 22:30:00;P;-0,7
2025/03/20 22:45:00;P;0,0
2025/03/20 23:00:00;P;0,0
2025/03/20 23:15:00;P;0,0
2025/03/20 23:30:00;P;0,0
2025/03/20 23:45:00;P;0,0
2025/03/21 00:00:00;P;0,0
